{"stats":{"minecraft:custom":{"minecraft:open_chest":16,"minecraft:time_since_rest":33158,"minecraft:damage_taken":240,"minecraft:play_time":33743,"minecraft:crouch_one_cm":2187,"minecraft:sprint_one_cm":1891,"minecraft:walk_one_cm":17169,"minecraft:deaths":1,"minecraft:sneak_time":1122,"minecraft:mob_kills":1,"minecraft:jump":7,"minecraft:damage_dealt":10,"minecraft:leave_game":6,"minecraft:time_since_death":33058,"minecraft:total_world_time":33743,"minecraft:traded_with_villager":2,"minecraft:interact_with_crafting_table":6,"minecraft:talked_to_villager":8,"minecraft:fly_one_cm":1803},"minecraft:crafted":{"minecraft:oak_planks":72,"minecraft:raw_iron":2,"minecraft:stone_axe":1,"minecraft:stick":4,"minecraft:stone_pickaxe":1},"minecraft:mined":{"minecraft:grass_block":89,"minecraft:oak_slab":7,"minecraft:oak_log":58,"minecraft:mud":16,"minecraft:dirt":1,"minecraft:spruce_leaves":21,"minecraft:spruce_log":6,"minecraft:stone":35,"minecraft:moss_block":22,"minecraft:oak_leaves":13},"minecraft:picked_up":{"minecraft:mud":14,"minecraft:oak_slab":4,"minecraft:oak_log":32,"minecraft:spruce_sapling":6,"minecraft:spruce_log":5,"minecraft:moss_block":23,"minecraft:dirt":60,"minecraft:cobblestone":8},"minecraft:used":{"minecraft:stone_axe":60,"minecraft:dirt":1,"minecraft:stone_pickaxe":99,"minecraft:spruce_sapling":3}},"DataVersion":3120}