{"stats":{"minecraft:custom":{"minecraft:time_since_rest":43666,"minecraft:interact_with_furnace":1,"minecraft:sprint_one_cm":4982,"minecraft:damage_taken":240,"minecraft:walk_one_cm":23747,"minecraft:mob_kills":1,"minecraft:damage_dealt":10,"minecraft:traded_with_villager":2,"minecraft:talked_to_villager":11,"minecraft:interact_with_crafting_table":7,"minecraft:fly_one_cm":4571,"minecraft:open_chest":19,"minecraft:crouch_one_cm":6914,"minecraft:play_time":44251,"minecraft:deaths":1,"minecraft:sneak_time":2736,"minecraft:jump":16,"minecraft:leave_game":15,"minecraft:time_since_death":43566,"minecraft:total_world_time":44251},"minecraft:crafted":{"minecraft:oak_slab":36,"minecraft:oak_planks":72,"minecraft:raw_iron":2,"minecraft:stick":4,"minecraft:stone_pickaxe":1,"minecraft:stone_axe":1},"minecraft:mined":{"minecraft:oak_slab":11,"minecraft:mud":17,"minecraft:spruce_log":12,"minecraft:coal_ore":1,"minecraft:grass_block":95,"minecraft:oak_log":62,"minecraft:dirt":1,"minecraft:spruce_leaves":24,"minecraft:stone":37,"minecraft:moss_block":23,"minecraft:oak_leaves":14},"minecraft:picked_up":{"minecraft:oak_slab":6,"minecraft:mud":17,"minecraft:torch":1,"minecraft:oak_log":37,"minecraft:spruce_sapling":6,"minecraft:spruce_log":11,"minecraft:dirt":76,"minecraft:moss_block":30,"minecraft:coal":1,"minecraft:cobblestone":14},"minecraft:used":{"minecraft:stone_pickaxe":107,"minecraft:spruce_sapling":3,"minecraft:stone_axe":83,"minecraft:torch":1,"minecraft:dirt":1,"minecraft:oak_slab":44}},"DataVersion":3120}