{"stats":{"minecraft:picked_up":{"gravestone:obituary":2},"minecraft:mined":{"minecraft:tall_seagrass":1},"minecraft:custom":{"minecraft:jump":162,"minecraft:damage_dealt":10,"minecraft:time_since_rest":16110,"minecraft:crouch_one_cm":4936,"minecraft:walk_one_cm":9976,"minecraft:sprint_one_cm":8212,"minecraft:damage_taken":815,"minecraft:play_time":20461,"minecraft:walk_on_water_one_cm":4333,"minecraft:time_since_death":16081,"minecraft:deaths":3,"minecraft:sneak_time":1513,"minecraft:total_world_time":20461,"minecraft:walk_under_water_one_cm":22218,"minecraft:swim_one_cm":24010,"minecraft:drop":3,"minecraft:fall_one_cm":3857,"minecraft:fly_one_cm":9216,"minecraft:leave_game":1},"minecraft:dropped":{"gravestone:obituary":3}},"DataVersion":3465}