{"stats":{"minecraft:custom":{"minecraft:jump":177,"minecraft:time_since_rest":6031,"minecraft:leave_game":1,"minecraft:crouch_one_cm":121,"minecraft:damage_dealt":9,"minecraft:deaths":2,"minecraft:walk_on_water_one_cm":3296,"minecraft:sprint_one_cm":20811,"minecraft:play_time":8317,"minecraft:damage_taken":320,"minecraft:time_since_death":6002,"minecraft:walk_one_cm":17752,"minecraft:sneak_time":16,"minecraft:total_world_time":8317,"minecraft:walk_under_water_one_cm":829,"minecraft:swim_one_cm":21,"minecraft:fall_one_cm":7408,"minecraft:fly_one_cm":27013},"minecraft:killed_by":{"minecraft:zombie":1}},"DataVersion":3120}