{"stats":{"minecraft:used":{"minecraft:melon_slice":3},"minecraft:custom":{"minecraft:jump":173,"minecraft:time_since_rest":5916,"minecraft:leave_game":4,"minecraft:play_time":5916,"minecraft:sprint_one_cm":18068,"minecraft:damage_taken":100,"minecraft:time_since_death":5916,"minecraft:walk_one_cm":10946,"minecraft:climb_one_cm":50,"minecraft:total_world_time":5916,"minecraft:fall_one_cm":5883,"minecraft:fly_one_cm":23394},"minecraft:picked_up":{"minecraft:oak_sapling":1,"minecraft:melon_slice":40,"minecraft:wheat_seeds":1},"minecraft:mined":{"minecraft:melon":7,"minecraft:oak_leaves":2}},"DataVersion":3120}