{"stats":{"minecraft:custom":{"minecraft:time_since_rest":35445,"minecraft:interact_with_furnace":27,"minecraft:sprint_one_cm":39002,"minecraft:damage_taken":440,"minecraft:walk_one_cm":60751,"minecraft:mob_kills":3,"minecraft:damage_dealt":100,"minecraft:traded_with_villager":5,"minecraft:interact_with_crafting_table":34,"minecraft:fly_one_cm":34191,"minecraft:talked_to_villager":26,"minecraft:open_chest":75,"minecraft:crouch_one_cm":141195,"minecraft:play_time":91752,"minecraft:deaths":2,"minecraft:sneak_time":39743,"minecraft:jump":181,"minecraft:leave_game":6,"minecraft:time_since_death":35418,"minecraft:total_world_time":91752,"minecraft:fall_one_cm":1045},"minecraft:crafted":{"minecraft:oak_slab":606,"minecraft:oak_planks":364,"minecraft:cauldron":1,"minecraft:charcoal":6,"minecraft:crafting_table":1,"minecraft:stick":24,"minecraft:wooden_pickaxe":1,"minecraft:iron_ingot":19,"minecraft:iron_pickaxe":1,"minecraft:stone_pickaxe":6,"minecraft:chest":3,"minecraft:furnace":1,"minecraft:sugar_cane":1,"minecraft:bucket":1,"minecraft:torch":24,"minecraft:stone_axe":2,"minecraft:egg":3,"minecraft:air":0},"minecraft:mined":{"minecraft:oak_slab":61,"minecraft:mud":59,"minecraft:iron_ore":56,"minecraft:torch":9,"minecraft:grass_block":264,"minecraft:oak_log":93,"minecraft:coal_ore":40,"minecraft:chest":1,"minecraft:dirt":5,"minecraft:cobblestone":1,"minecraft:spruce_leaves":85,"minecraft:stone":172,"minecraft:moss_block":132,"minecraft:oak_leaves":73},"minecraft:broken":{"minecraft:stone_pickaxe":4,"minecraft:wooden_pickaxe":1},"minecraft:picked_up":{"minecraft:mud":59,"minecraft:oak_slab":69,"minecraft:stick":3,"minecraft:raw_iron":56,"minecraft:torch":8,"minecraft:oak_log":117,"minecraft:spruce_sapling":6,"minecraft:spruce_log":1,"minecraft:dirt":269,"minecraft:oak_sapling":2,"minecraft:moss_block":121,"minecraft:coal":40,"minecraft:cobblestone":195},"minecraft:used":{"minecraft:moss_block":2,"minecraft:stone_pickaxe":555,"minecraft:chest":3,"minecraft:wooden_pickaxe":59,"minecraft:cauldron":1,"minecraft:torch":31,"minecraft:stone_axe":137,"minecraft:dirt":173,"minecraft:cobblestone":1,"minecraft:oak_slab":476,"minecraft:crafting_table":1,"minecraft:furnace":1}},"DataVersion":3120}