{"stats":{"minecraft:custom":{"minecraft:time_since_rest":15361,"minecraft:interact_with_furnace":14,"minecraft:sprint_one_cm":32254,"minecraft:damage_taken":440,"minecraft:walk_one_cm":49911,"minecraft:mob_kills":2,"minecraft:damage_dealt":85,"minecraft:traded_with_villager":5,"minecraft:talked_to_villager":24,"minecraft:interact_with_crafting_table":24,"minecraft:fly_one_cm":28805,"minecraft:open_chest":62,"minecraft:crouch_one_cm":111904,"minecraft:play_time":71668,"minecraft:deaths":2,"minecraft:sneak_time":28776,"minecraft:jump":154,"minecraft:leave_game":5,"minecraft:time_since_death":15334,"minecraft:total_world_time":71668,"minecraft:fall_one_cm":1045},"minecraft:crafted":{"minecraft:oak_slab":606,"minecraft:oak_planks":296,"minecraft:cauldron":1,"minecraft:charcoal":6,"minecraft:crafting_table":1,"minecraft:stick":16,"minecraft:iron_pickaxe":1,"minecraft:iron_ingot":8,"minecraft:wooden_pickaxe":1,"minecraft:stone_pickaxe":3,"minecraft:chest":3,"minecraft:furnace":1,"minecraft:sugar_cane":1,"minecraft:torch":24,"minecraft:stone_axe":2,"minecraft:egg":3,"minecraft:air":0},"minecraft:mined":{"minecraft:oak_slab":61,"minecraft:mud":36,"minecraft:iron_ore":17,"minecraft:torch":2,"minecraft:coal_ore":14,"minecraft:grass_block":202,"minecraft:oak_log":60,"minecraft:chest":1,"minecraft:dirt":5,"minecraft:cobblestone":1,"minecraft:spruce_leaves":59,"minecraft:stone":98,"minecraft:moss_block":99,"minecraft:oak_leaves":51},"minecraft:broken":{"minecraft:stone_pickaxe":1,"minecraft:wooden_pickaxe":1},"minecraft:picked_up":{"minecraft:oak_slab":69,"minecraft:mud":36,"minecraft:stick":3,"minecraft:raw_iron":17,"minecraft:torch":1,"minecraft:oak_log":84,"minecraft:spruce_sapling":4,"minecraft:spruce_log":1,"minecraft:dirt":207,"minecraft:oak_sapling":1,"minecraft:moss_block":88,"minecraft:coal":14,"minecraft:cobblestone":121},"minecraft:used":{"minecraft:moss_block":2,"minecraft:stone_pickaxe":263,"minecraft:chest":3,"minecraft:wooden_pickaxe":59,"minecraft:cauldron":1,"minecraft:stone_axe":88,"minecraft:torch":25,"minecraft:dirt":173,"minecraft:cobblestone":1,"minecraft:oak_slab":476,"minecraft:crafting_table":1,"minecraft:furnace":1}},"DataVersion":3120}