{"stats":{"minecraft:custom":{"minecraft:time_since_rest":47024,"minecraft:interact_with_furnace":4,"minecraft:sprint_one_cm":19858,"minecraft:damage_taken":240,"minecraft:walk_one_cm":30289,"minecraft:mob_kills":1,"minecraft:damage_dealt":50,"minecraft:traded_with_villager":4,"minecraft:interact_with_crafting_table":15,"minecraft:talked_to_villager":16,"minecraft:fly_one_cm":20332,"minecraft:open_chest":44,"minecraft:crouch_one_cm":90609,"minecraft:play_time":47647,"minecraft:deaths":1,"minecraft:sneak_time":20190,"minecraft:jump":103,"minecraft:leave_game":4,"minecraft:time_since_death":46834,"minecraft:total_world_time":47647,"minecraft:fall_one_cm":836},"minecraft:crafted":{"minecraft:oak_slab":432,"minecraft:oak_planks":264,"minecraft:charcoal":2,"minecraft:crafting_table":1,"minecraft:stick":8,"minecraft:wooden_pickaxe":1,"minecraft:stone_pickaxe":1,"minecraft:chest":3,"minecraft:furnace":1,"minecraft:sugar_cane":1,"minecraft:torch":8,"minecraft:stone_axe":1,"minecraft:egg":3,"minecraft:air":0},"minecraft:broken":{"minecraft:wooden_pickaxe":1},"minecraft:mined":{"minecraft:oak_slab":27,"minecraft:mud":23,"minecraft:grass_block":144,"minecraft:oak_log":42,"minecraft:chest":1,"minecraft:dirt":5,"minecraft:spruce_leaves":38,"minecraft:stone":45,"minecraft:moss_block":79,"minecraft:oak_leaves":33},"minecraft:picked_up":{"minecraft:mud":25,"minecraft:oak_slab":30,"minecraft:stick":1,"minecraft:oak_log":67,"minecraft:spruce_sapling":2,"minecraft:spruce_log":1,"minecraft:dirt":160,"minecraft:moss_block":74,"minecraft:cobblestone":72},"minecraft:used":{"minecraft:moss_block":2,"minecraft:stone_pickaxe":91,"minecraft:chest":3,"minecraft:wooden_pickaxe":59,"minecraft:stone_axe":28,"minecraft:torch":8,"minecraft:dirt":172,"minecraft:crafting_table":1,"minecraft:oak_slab":407,"minecraft:furnace":1}},"DataVersion":3120}