{"stats":{"minecraft:custom":{"minecraft:jump":38,"minecraft:time_since_rest":3338,"minecraft:leave_game":1,"minecraft:damage_dealt":10,"minecraft:crouch_one_cm":1433,"minecraft:damage_taken":10,"minecraft:sprint_one_cm":692,"minecraft:play_time":3338,"minecraft:walk_on_water_one_cm":1246,"minecraft:time_since_death":3338,"minecraft:walk_one_cm":3276,"minecraft:sneak_time":604,"minecraft:total_world_time":3338,"minecraft:walk_under_water_one_cm":5167,"minecraft:swim_one_cm":35675,"minecraft:fall_one_cm":534,"minecraft:drop":1,"minecraft:fly_one_cm":1109},"minecraft:dropped":{"alexsmobs:animal_dictionary":1}},"DataVersion":3465}